# Snark Holding Corp. (Snark Network) AS62787 GeoFeed | Last updated: 2026-05-06 17:32:00Z
68.69.176.0/24,US,US-NC,Durham,27713
2602:f6d0:0::/48,US,US-NC,Knightdale,27545
2602:f6d0:1::/48,US,US-NC,Knightdale,27545
2602:f6d0:2::/48,US,US-NC,Knightdale,27545
2602:f6d0:3::/48,US,US-NC,Knightdale,27545
2602:f6d0:4::/48,US,US-NC,Knightdale,27545
2602:f6d0:5::/48,US,US-NC,Knightdale,27545
2602:f6d0:6::/48,US,US-NC,Knightdale,27545
2602:f6d0:7::/48,US,US-NC,Knightdale,27545
2602:f6d0:8::/48,US,US-NC,Knightdale,27545
2602:f6d0:9::/48,US,US-NC,Knightdale,27545
2602:f6d0:a::/48,US,US-NC,Knightdale,27545
2602:f6d0:b::/48,US,US-NC,Knightdale,27545
2602:f6d0:c::/48,US,US-NC,Knightdale,27545
2602:f6d0:d::/48,US,US-NC,Knightdale,27545
2602:f6d0:e::/48,US,US-NC,Knightdale,27545
2602:f6d0:f::/48,US,US-NC,Knightdale,27545
2602:f6d0:10::/48,US,US-NC,Knightdale,27545
2602:f6d0:11::/48,US,US-NC,Knightdale,27545
2602:f6d0:12::/48,US,US-NC,Knightdale,27545
2602:f6d0:13::/48,US,US-NC,Knightdale,27545
2602:f6d0:14::/48,US,US-NC,Knightdale,27545
2602:f6d0:15::/48,US,US-NC,Knightdale,27545
2602:f6d0:16::/48,US,US-NC,Knightdale,27545
2602:f6d0:17::/48,US,US-NC,Knightdale,27545
2602:f6d0:18::/48,US,US-NC,Knightdale,27545
2602:f6d0:19::/48,US,US-NC,Knightdale,27545
2602:f6d0:1a::/48,US,US-NC,Knightdale,27545
2602:f6d0:1b::/48,US,US-NC,Knightdale,27545
2602:f6d0:1c::/48,US,US-NC,Knightdale,27545
2602:f6d0:1d::/48,US,US-NC,Knightdale,27545
2602:f6d0:1e::/48,US,US-NC,Knightdale,27545
2602:f6d0:1f::/48,US,US-NC,Knightdale,27545
2602:f6d0:20::/48,US,US-NC,Knightdale,27545
2602:f6d0:21::/48,US,US-NC,Knightdale,27545
2602:f6d0:22::/48,US,US-NC,Knightdale,27545
2602:f6d0:23::/48,US,US-NC,Knightdale,27545
2602:f6d0:24::/48,US,US-NC,Knightdale,27545
2602:f6d0:25::/48,US,US-NC,Knightdale,27545
2602:f6d0:26::/48,US,US-NC,Knightdale,27545
2602:f6d0:27::/48,US,US-NC,Knightdale,27545
2602:f6d0:28::/48,US,US-NC,Knightdale,27545
2602:f6d0:29::/48,US,US-NC,Knightdale,27545
2602:f6d0:2a::/48,US,US-NC,Knightdale,27545
2602:f6d0:2b::/48,US,US-NC,Knightdale,27545
2602:f6d0:2c::/48,US,US-NC,Knightdale,27545
2602:f6d0:2d::/48,US,US-NC,Knightdale,27545
2602:f6d0:2e::/48,US,US-NC,Knightdale,27545
2602:f6d0:2f::/48,US,US-NC,Knightdale,27545
2602:f6d0:30::/48,US,US-NC,Knightdale,27545
2602:f6d0:31::/48,US,US-NC,Knightdale,27545
2602:f6d0:32::/48,US,US-NC,Knightdale,27545
2602:f6d0:33::/48,US,US-NC,Knightdale,27545
2602:f6d0:34::/48,US,US-NC,Knightdale,27545
2602:f6d0:35::/48,US,US-NC,Knightdale,27545
2602:f6d0:36::/48,US,US-NC,Knightdale,27545
2602:f6d0:37::/48,US,US-NC,Knightdale,27545
2602:f6d0:38::/48,US,US-NC,Knightdale,27545
2602:f6d0:39::/48,US,US-NC,Knightdale,27545
2602:f6d0:3a::/48,US,US-NC,Knightdale,27545
2602:f6d0:3b::/48,US,US-NC,Knightdale,27545
2602:f6d0:3c::/48,US,US-NC,Knightdale,27545
2602:f6d0:3d::/48,US,US-NC,Knightdale,27545
2602:f6d0:3e::/48,US,US-NC,Knightdale,27545
2602:f6d0:3f::/48,US,US-NC,Knightdale,27545
2602:f6d0:40::/48,US,US-NC,Knightdale,27545
2602:f6d0:41::/48,US,US-NC,Knightdale,27545
2602:f6d0:42::/48,US,US-NC,Knightdale,27545
2602:f6d0:43::/48,US,US-NC,Knightdale,27545
2602:f6d0:44::/48,US,US-NC,Knightdale,27545
2602:f6d0:45::/48,US,US-NC,Knightdale,27545
2602:f6d0:46::/48,US,US-NC,Knightdale,27545
2602:f6d0:47::/48,US,US-NC,Knightdale,27545
2602:f6d0:48::/48,US,US-NC,Knightdale,27545
2602:f6d0:49::/48,US,US-NC,Knightdale,27545
2602:f6d0:4a::/48,US,US-NC,Knightdale,27545
2602:f6d0:4b::/48,US,US-NC,Knightdale,27545
2602:f6d0:4c::/48,US,US-NC,Knightdale,27545
2602:f6d0:4d::/48,US,US-NC,Knightdale,27545
2602:f6d0:4e::/48,US,US-NC,Knightdale,27545
2602:f6d0:4f::/48,US,US-NC,Knightdale,27545
2602:f6d0:50::/48,US,US-NC,Knightdale,27545
2602:f6d0:51::/48,US,US-NC,Knightdale,27545
2602:f6d0:52::/48,US,US-NC,Knightdale,27545
2602:f6d0:53::/48,US,US-NC,Knightdale,27545
2602:f6d0:54::/48,US,US-NC,Knightdale,27545
2602:f6d0:55::/48,US,US-NC,Knightdale,27545
2602:f6d0:56::/48,US,US-NC,Knightdale,27545
2602:f6d0:57::/48,US,US-NC,Knightdale,27545
2602:f6d0:58::/48,US,US-NC,Knightdale,27545
2602:f6d0:59::/48,US,US-NC,Knightdale,27545
2602:f6d0:5a::/48,US,US-NC,Knightdale,27545
2602:f6d0:5b::/48,US,US-NC,Knightdale,27545
2602:f6d0:5c::/48,US,US-NC,Knightdale,27545
2602:f6d0:5d::/48,US,US-NC,Knightdale,27545
2602:f6d0:5e::/48,US,US-NC,Knightdale,27545
2602:f6d0:5f::/48,US,US-NC,Knightdale,27545
2602:f6d0:60::/48,US,US-NC,Knightdale,27545
2602:f6d0:61::/48,US,US-NC,Knightdale,27545
2602:f6d0:62::/48,US,US-NC,Knightdale,27545
2602:f6d0:63::/48,US,US-NC,Knightdale,27545
2602:f6d0:64::/48,US,US-NC,Knightdale,27545
2602:f6d0:65::/48,US,US-NC,Knightdale,27545
2602:f6d0:66::/48,US,US-NC,Knightdale,27545
2602:f6d0:67::/48,US,US-NC,Knightdale,27545
2602:f6d0:68::/48,US,US-NC,Knightdale,27545
2602:f6d0:69::/48,US,US-NC,Knightdale,27545
2602:f6d0:6a::/48,US,US-NC,Knightdale,27545
2602:f6d0:6b::/48,US,US-NC,Knightdale,27545
2602:f6d0:6c::/48,US,US-NC,Knightdale,27545
2602:f6d0:6d::/48,US,US-NC,Knightdale,27545
2602:f6d0:6e::/48,US,US-NC,Knightdale,27545
2602:f6d0:6f::/48,US,US-NC,Knightdale,27545
2602:f6d0:70::/48,US,US-NC,Knightdale,27545
2602:f6d0:71::/48,US,US-NC,Knightdale,27545
2602:f6d0:72::/48,US,US-NC,Knightdale,27545
2602:f6d0:73::/48,US,US-NC,Knightdale,27545
2602:f6d0:74::/48,US,US-NC,Knightdale,27545
2602:f6d0:75::/48,US,US-NC,Knightdale,27545
2602:f6d0:76::/48,US,US-NC,Knightdale,27545
2602:f6d0:77::/48,US,US-NC,Knightdale,27545
2602:f6d0:78::/48,US,US-NC,Knightdale,27545
2602:f6d0:79::/48,US,US-NC,Knightdale,27545
2602:f6d0:7a::/48,US,US-NC,Knightdale,27545
2602:f6d0:7b::/48,US,US-NC,Knightdale,27545
2602:f6d0:7c::/48,US,US-NC,Knightdale,27545
2602:f6d0:7d::/48,US,US-NC,Knightdale,27545
2602:f6d0:7e::/48,US,US-NC,Knightdale,27545
2602:f6d0:7f::/48,US,US-NC,Knightdale,27545
2602:f6d0:80::/48,US,US-NC,Knightdale,27545
2602:f6d0:81::/48,US,US-NC,Knightdale,27545
2602:f6d0:82::/48,US,US-NC,Knightdale,27545
2602:f6d0:83::/48,US,US-NC,Knightdale,27545
2602:f6d0:84::/48,US,US-NC,Knightdale,27545
2602:f6d0:85::/48,US,US-NC,Knightdale,27545
2602:f6d0:86::/48,US,US-NC,Knightdale,27545
2602:f6d0:87::/48,US,US-NC,Knightdale,27545
2602:f6d0:88::/48,US,US-NC,Knightdale,27545
2602:f6d0:89::/48,US,US-NC,Knightdale,27545
2602:f6d0:8a::/48,US,US-NC,Knightdale,27545
2602:f6d0:8b::/48,US,US-NC,Knightdale,27545
2602:f6d0:8c::/48,US,US-NC,Knightdale,27545
2602:f6d0:8d::/48,US,US-NC,Knightdale,27545
2602:f6d0:8e::/48,US,US-NC,Knightdale,27545
2602:f6d0:8f::/48,US,US-NC,Knightdale,27545
2602:f6d0:90::/48,US,US-NC,Knightdale,27545
2602:f6d0:91::/48,US,US-NC,Knightdale,27545
2602:f6d0:92::/48,US,US-NC,Knightdale,27545
2602:f6d0:93::/48,US,US-NC,Knightdale,27545
2602:f6d0:94::/48,US,US-NC,Knightdale,27545
2602:f6d0:95::/48,US,US-NC,Knightdale,27545
2602:f6d0:96::/48,US,US-NC,Knightdale,27545
2602:f6d0:97::/48,US,US-NC,Knightdale,27545
2602:f6d0:98::/48,US,US-NC,Knightdale,27545
2602:f6d0:99::/48,US,US-NC,Knightdale,27545
2602:f6d0:9a::/48,US,US-NC,Knightdale,27545
2602:f6d0:9b::/48,US,US-NC,Knightdale,27545
2602:f6d0:9c::/48,US,US-NC,Knightdale,27545
2602:f6d0:9d::/48,US,US-NC,Knightdale,27545
2602:f6d0:9e::/48,US,US-NC,Knightdale,27545
2602:f6d0:9f::/48,US,US-NC,Knightdale,27545
2602:f6d0:a0::/48,US,US-NC,Knightdale,27545
2602:f6d0:a1::/48,US,US-NC,Knightdale,27545
2602:f6d0:a2::/48,US,US-NC,Knightdale,27545
2602:f6d0:a3::/48,US,US-NC,Knightdale,27545
2602:f6d0:a4::/48,US,US-NC,Knightdale,27545
2602:f6d0:a5::/48,US,US-NC,Knightdale,27545
2602:f6d0:a6::/48,US,US-NC,Knightdale,27545
2602:f6d0:a7::/48,US,US-NC,Knightdale,27545
2602:f6d0:a8::/48,US,US-NC,Knightdale,27545
2602:f6d0:a9::/48,US,US-NC,Knightdale,27545
2602:f6d0:aa::/48,US,US-NC,Knightdale,27545
2602:f6d0:ab::/48,US,US-NC,Knightdale,27545
2602:f6d0:ac::/48,US,US-NC,Knightdale,27545
2602:f6d0:ad::/48,US,US-NC,Knightdale,27545
2602:f6d0:ae::/48,US,US-NC,Knightdale,27545
2602:f6d0:af::/48,US,US-NC,Knightdale,27545
2602:f6d0:b0::/48,US,US-NC,Knightdale,27545
2602:f6d0:b1::/48,US,US-NC,Knightdale,27545
2602:f6d0:b2::/48,US,US-NC,Knightdale,27545
2602:f6d0:b3::/48,US,US-NC,Knightdale,27545
2602:f6d0:b4::/48,US,US-NC,Knightdale,27545
2602:f6d0:b5::/48,US,US-NC,Knightdale,27545
2602:f6d0:b6::/48,US,US-NC,Knightdale,27545
2602:f6d0:b7::/48,US,US-NC,Knightdale,27545
2602:f6d0:b8::/48,US,US-NC,Knightdale,27545
2602:f6d0:b9::/48,US,US-NC,Knightdale,27545
2602:f6d0:ba::/48,US,US-NC,Knightdale,27545
2602:f6d0:bb::/48,US,US-NC,Knightdale,27545
2602:f6d0:bc::/48,US,US-NC,Knightdale,27545
2602:f6d0:bd::/48,US,US-NC,Knightdale,27545
2602:f6d0:be::/48,US,US-NC,Knightdale,27545
2602:f6d0:bf::/48,US,US-NC,Knightdale,27545
2602:f6d0:c0::/48,US,US-NC,Knightdale,27545
2602:f6d0:c1::/48,US,US-NC,Knightdale,27545
2602:f6d0:c2::/48,US,US-NC,Knightdale,27545
2602:f6d0:c3::/48,US,US-NC,Knightdale,27545
2602:f6d0:c4::/48,US,US-NC,Knightdale,27545
2602:f6d0:c5::/48,US,US-NC,Knightdale,27545
2602:f6d0:c6::/48,US,US-NC,Knightdale,27545
2602:f6d0:c7::/48,US,US-NC,Knightdale,27545
2602:f6d0:c8::/48,US,US-NC,Knightdale,27545
2602:f6d0:c9::/48,US,US-NC,Knightdale,27545
2602:f6d0:ca::/48,US,US-NC,Knightdale,27545
2602:f6d0:cb::/48,US,US-NC,Knightdale,27545
2602:f6d0:cc::/48,US,US-NC,Knightdale,27545
2602:f6d0:cd::/48,US,US-NC,Knightdale,27545
2602:f6d0:ce::/48,US,US-NC,Knightdale,27545
2602:f6d0:cf::/48,US,US-NC,Knightdale,27545
2602:f6d0:d0::/48,US,US-NC,Knightdale,27545
2602:f6d0:d1::/48,US,US-NC,Knightdale,27545
2602:f6d0:d2::/48,US,US-NC,Knightdale,27545
2602:f6d0:d3::/48,US,US-NC,Knightdale,27545
2602:f6d0:d4::/48,US,US-NC,Knightdale,27545
2602:f6d0:d5::/48,US,US-NC,Knightdale,27545
2602:f6d0:d6::/48,US,US-NC,Knightdale,27545
2602:f6d0:d7::/48,US,US-NC,Knightdale,27545
2602:f6d0:d8::/48,US,US-NC,Knightdale,27545
2602:f6d0:d9::/48,US,US-NC,Knightdale,27545
2602:f6d0:da::/48,US,US-NC,Knightdale,27545
2602:f6d0:db::/48,US,US-NC,Knightdale,27545
2602:f6d0:dc::/48,US,US-NC,Knightdale,27545
2602:f6d0:dd::/48,US,US-NC,Knightdale,27545
2602:f6d0:de::/48,US,US-NC,Knightdale,27545
2602:f6d0:df::/48,US,US-NC,Knightdale,27545
2602:f6d0:e0::/48,US,US-NC,Knightdale,27545
2602:f6d0:e1::/48,US,US-NC,Knightdale,27545
2602:f6d0:e2::/48,US,US-NC,Knightdale,27545
2602:f6d0:e3::/48,US,US-NC,Knightdale,27545
2602:f6d0:e4::/48,US,US-NC,Knightdale,27545
2602:f6d0:e5::/48,US,US-NC,Knightdale,27545
2602:f6d0:e6::/48,US,US-NC,Knightdale,27545
2602:f6d0:e7::/48,US,US-NC,Knightdale,27545
2602:f6d0:e8::/48,US,US-NC,Knightdale,27545
2602:f6d0:e9::/48,US,US-NC,Knightdale,27545
2602:f6d0:ea::/48,US,US-NC,Knightdale,27545
2602:f6d0:eb::/48,US,US-NC,Knightdale,27545
2602:f6d0:ec::/48,US,US-NC,Knightdale,27545
2602:f6d0:ed::/48,US,US-NC,Knightdale,27545
2602:f6d0:ee::/48,US,US-NC,Knightdale,27545
2602:f6d0:ef::/48,US,US-NC,Knightdale,27545
2602:f6d0:f0::/48,US,US-NC,Knightdale,27545
2602:f6d0:f1::/48,US,US-NC,Knightdale,27545
2602:f6d0:f2::/48,US,US-NC,Knightdale,27545
2602:f6d0:f3::/48,US,US-NC,Knightdale,27545
2602:f6d0:f4::/48,US,US-NC,Knightdale,27545
2602:f6d0:f5::/48,US,US-NC,Knightdale,27545
2602:f6d0:f6::/48,US,US-NC,Knightdale,27545
2602:f6d0:f7::/48,US,US-NC,Knightdale,27545
2602:f6d0:f8::/48,US,US-NC,Knightdale,27545
2602:f6d0:f9::/48,US,US-NC,Durham,27713
2602:f6d0:fa::/48,US,US-NC,Knightdale,27545
2602:f6d0:fb::/48,US,US-NC,Knightdale,27545
2602:f6d0:fc::/48,US,US-NC,Knightdale,27545
2602:f6d0:fd::/48,US,US-NC,Knightdale,27545
2602:f6d0:fe::/48,US,US-NC,Knightdale,27545
2602:f6d0:ff::/48,US,US-NC,Knightdale,27545
